﻿Code Domaine,Domaine,Code zone (M49),Zone,Code Élément,Élément,Code Produit,Produit,Code année,Année,Unité,Valeur,Symbole,Description du Symbole,Note
"FS","Données de la sécurité alimentaire","004","Afghanistan","6126","Valeur","22013","PIB par habitant, ($ PPA internationaux constants de 2017)","2017","2017","Int$/cap","2956.8","X","Ciffre de sources internationales",""
"FS","Données de la sécurité alimentaire","710","Afrique du Sud","6126","Valeur","22013","PIB par habitant, ($ PPA internationaux constants de 2017)","2017","2017","Int$/cap","14823.6","X","Ciffre de sources internationales",""
"FS","Données de la sécurité alimentaire","008","Albanie","6126","Valeur","22013","PIB par habitant, ($ PPA internationaux constants de 2017)","2017","2017","Int$/cap","14229.3","X","Ciffre de sources internationales",""
"FS","Données de la sécurité alimentaire","012","Algérie","6126","Valeur","22013","PIB par habitant, ($ PPA internationaux constants de 2017)","2017","2017","Int$/cap","13805.4","X","Ciffre de sources internationales",""
"FS","Données de la sécurité alimentaire","276","Allemagne","6126","Valeur","22013","PIB par habitant, ($ PPA internationaux constants de 2017)","2017","2017","Int$/cap","61563.6","X","Ciffre de sources internationales",""
"FS","Données de la sécurité alimentaire","020","Andorre","6126","Valeur","22013","PIB par habitant, ($ PPA internationaux constants de 2017)","2017","2017","Int$/cap","63176.7","X","Ciffre de sources internationales",""
"FS","Données de la sécurité alimentaire","024","Angola","6126","Valeur","22013","PIB par habitant, ($ PPA internationaux constants de 2017)","2017","2017","Int$/cap","9050","X","Ciffre de sources internationales",""
"FS","Données de la sécurité alimentaire","028","Antigua-et-Barbuda","6126","Valeur","22013","PIB par habitant, ($ PPA internationaux constants de 2017)","2017","2017","Int$/cap","26949.1","X","Ciffre de sources internationales",""
"FS","Données de la sécurité alimentaire","682","Arabie saoudite","6126","Valeur","22013","PIB par habitant, ($ PPA internationaux constants de 2017)","2017","2017","Int$/cap","48554.4","X","Ciffre de sources internationales",""
"FS","Données de la sécurité alimentaire","032","Argentine","6126","Valeur","22013","PIB par habitant, ($ PPA internationaux constants de 2017)","2017","2017","Int$/cap","28499","X","Ciffre de sources internationales",""
"FS","Données de la sécurité alimentaire","051","Arménie","6126","Valeur","22013","PIB par habitant, ($ PPA internationaux constants de 2017)","2017","2017","Int$/cap","14880.6","X","Ciffre de sources internationales",""
"FS","Données de la sécurité alimentaire","036","Australie","6126","Valeur","22013","PIB par habitant, ($ PPA internationaux constants de 2017)","2017","2017","Int$/cap","56028.4","X","Ciffre de sources internationales",""
"FS","Données de la sécurité alimentaire","040","Autriche","6126","Valeur","22013","PIB par habitant, ($ PPA internationaux constants de 2017)","2017","2017","Int$/cap","63840.4","X","Ciffre de sources internationales",""
"FS","Données de la sécurité alimentaire","031","Azerbaïdjan","6126","Valeur","22013","PIB par habitant, ($ PPA internationaux constants de 2017)","2017","2017","Int$/cap","19676","X","Ciffre de sources internationales",""
"FS","Données de la sécurité alimentaire","044","Bahamas","6126","Valeur","22013","PIB par habitant, ($ PPA internationaux constants de 2017)","2017","2017","Int$/cap","32329.7","X","Ciffre de sources internationales",""
"FS","Données de la sécurité alimentaire","048","Bahreïn","6126","Valeur","22013","PIB par habitant, ($ PPA internationaux constants de 2017)","2017","2017","Int$/cap","53451","X","Ciffre de sources internationales",""
"FS","Données de la sécurité alimentaire","050","Bangladesh","6126","Valeur","22013","PIB par habitant, ($ PPA internationaux constants de 2017)","2017","2017","Int$/cap","6020.3","X","Ciffre de sources internationales",""
"FS","Données de la sécurité alimentaire","052","Barbade","6126","Valeur","22013","PIB par habitant, ($ PPA internationaux constants de 2017)","2017","2017","Int$/cap","17190.1","X","Ciffre de sources internationales",""
"FS","Données de la sécurité alimentaire","112","Bélarus","6126","Valeur","22013","PIB par habitant, ($ PPA internationaux constants de 2017)","2017","2017","Int$/cap","25504","X","Ciffre de sources internationales",""
"FS","Données de la sécurité alimentaire","056","Belgique","6126","Valeur","22013","PIB par habitant, ($ PPA internationaux constants de 2017)","2017","2017","Int$/cap","60044.6","X","Ciffre de sources internationales",""
"FS","Données de la sécurité alimentaire","084","Belize","6126","Valeur","22013","PIB par habitant, ($ PPA internationaux constants de 2017)","2017","2017","Int$/cap","11523","X","Ciffre de sources internationales",""
"FS","Données de la sécurité alimentaire","204","Bénin","6126","Valeur","22013","PIB par habitant, ($ PPA internationaux constants de 2017)","2017","2017","Int$/cap","3158","X","Ciffre de sources internationales",""
"FS","Données de la sécurité alimentaire","060","Bermudes","6126","Valeur","22013","PIB par habitant, ($ PPA internationaux constants de 2017)","2017","2017","Int$/cap","95310.9","X","Ciffre de sources internationales",""
"FS","Données de la sécurité alimentaire","064","Bhoutan","6126","Valeur","22013","PIB par habitant, ($ PPA internationaux constants de 2017)","2017","2017","Int$/cap","13450.5","X","Ciffre de sources internationales",""
"FS","Données de la sécurité alimentaire","068","Bolivie (État plurinational de)","6126","Valeur","22013","PIB par habitant, ($ PPA internationaux constants de 2017)","2017","2017","Int$/cap","9566.1","X","Ciffre de sources internationales",""
"FS","Données de la sécurité alimentaire","070","Bosnie-Herzégovine","6126","Valeur","22013","PIB par habitant, ($ PPA internationaux constants de 2017)","2017","2017","Int$/cap","15707.1","X","Ciffre de sources internationales",""
"FS","Données de la sécurité alimentaire","072","Botswana","6126","Valeur","22013","PIB par habitant, ($ PPA internationaux constants de 2017)","2017","2017","Int$/cap","16372.1","X","Ciffre de sources internationales",""
"FS","Données de la sécurité alimentaire","076","Brésil","6126","Valeur","22013","PIB par habitant, ($ PPA internationaux constants de 2017)","2017","2017","Int$/cap","17145.3","X","Ciffre de sources internationales",""
"FS","Données de la sécurité alimentaire","096","Brunéi Darussalam","6126","Valeur","22013","PIB par habitant, ($ PPA internationaux constants de 2017)","2017","2017","Int$/cap","79424.8","X","Ciffre de sources internationales",""
"FS","Données de la sécurité alimentaire","100","Bulgarie","6126","Valeur","22013","PIB par habitant, ($ PPA internationaux constants de 2017)","2017","2017","Int$/cap","25875.6","X","Ciffre de sources internationales",""
"FS","Données de la sécurité alimentaire","854","Burkina Faso","6126","Valeur","22013","PIB par habitant, ($ PPA internationaux constants de 2017)","2017","2017","Int$/cap","2243.2","X","Ciffre de sources internationales",""
"FS","Données de la sécurité alimentaire","108","Burundi","6126","Valeur","22013","PIB par habitant, ($ PPA internationaux constants de 2017)","2017","2017","Int$/cap","908.7","X","Ciffre de sources internationales",""
"FS","Données de la sécurité alimentaire","132","Cabo Verde","6126","Valeur","22013","PIB par habitant, ($ PPA internationaux constants de 2017)","2017","2017","Int$/cap","7376.8","X","Ciffre de sources internationales",""
"FS","Données de la sécurité alimentaire","116","Cambodge","6126","Valeur","22013","PIB par habitant, ($ PPA internationaux constants de 2017)","2017","2017","Int$/cap","4258.9","X","Ciffre de sources internationales",""
"FS","Données de la sécurité alimentaire","120","Cameroun","6126","Valeur","22013","PIB par habitant, ($ PPA internationaux constants de 2017)","2017","2017","Int$/cap","4744","X","Ciffre de sources internationales",""
"FS","Données de la sécurité alimentaire","124","Canada","6126","Valeur","22013","PIB par habitant, ($ PPA internationaux constants de 2017)","2017","2017","Int$/cap","55589.8","X","Ciffre de sources internationales",""
"FS","Données de la sécurité alimentaire","152","Chili","6126","Valeur","22013","PIB par habitant, ($ PPA internationaux constants de 2017)","2017","2017","Int$/cap","28155.1","X","Ciffre de sources internationales",""
"FS","Données de la sécurité alimentaire","159","Chine","6126","Valeur","22013","PIB par habitant, ($ PPA internationaux constants de 2017)","2017","2017","Int$/cap","16773.5","X","Ciffre de sources internationales",""
"FS","Données de la sécurité alimentaire","344","Chine - RAS de Hong-Kong","6126","Valeur","22013","PIB par habitant, ($ PPA internationaux constants de 2017)","2017","2017","Int$/cap","65662.7","X","Ciffre de sources internationales",""
"FS","Données de la sécurité alimentaire","446","Chine - RAS de Macao","6126","Valeur","22013","PIB par habitant, ($ PPA internationaux constants de 2017)","2017","2017","Int$/cap","135547","X","Ciffre de sources internationales",""
"FS","Données de la sécurité alimentaire","156","Chine, continentale","6126","Valeur","22013","PIB par habitant, ($ PPA internationaux constants de 2017)","2017","2017","Int$/cap","16461.1","X","Ciffre de sources internationales",""
"FS","Données de la sécurité alimentaire","196","Chypre","6126","Valeur","22013","PIB par habitant, ($ PPA internationaux constants de 2017)","2017","2017","Int$/cap","42743.6","X","Ciffre de sources internationales",""
"FS","Données de la sécurité alimentaire","170","Colombie","6126","Valeur","22013","PIB par habitant, ($ PPA internationaux constants de 2017)","2017","2017","Int$/cap","17195.1","X","Ciffre de sources internationales",""
"FS","Données de la sécurité alimentaire","174","Comores","6126","Valeur","22013","PIB par habitant, ($ PPA internationaux constants de 2017)","2017","2017","Int$/cap","3439.1","X","Ciffre de sources internationales",""
"FS","Données de la sécurité alimentaire","178","Congo","6126","Valeur","22013","PIB par habitant, ($ PPA internationaux constants de 2017)","2017","2017","Int$/cap","7426.4","X","Ciffre de sources internationales",""
"FS","Données de la sécurité alimentaire","188","Costa Rica","6126","Valeur","22013","PIB par habitant, ($ PPA internationaux constants de 2017)","2017","2017","Int$/cap","22525.4","X","Ciffre de sources internationales",""
"FS","Données de la sécurité alimentaire","384","Côte d'Ivoire","6126","Valeur","22013","PIB par habitant, ($ PPA internationaux constants de 2017)","2017","2017","Int$/cap","5851.4","X","Ciffre de sources internationales",""
"FS","Données de la sécurité alimentaire","191","Croatie","6126","Valeur","22013","PIB par habitant, ($ PPA internationaux constants de 2017)","2017","2017","Int$/cap","31429.8","X","Ciffre de sources internationales",""
"FS","Données de la sécurité alimentaire","208","Danemark","6126","Valeur","22013","PIB par habitant, ($ PPA internationaux constants de 2017)","2017","2017","Int$/cap","65783.5","X","Ciffre de sources internationales",""
"FS","Données de la sécurité alimentaire","262","Djibouti","6126","Valeur","22013","PIB par habitant, ($ PPA internationaux constants de 2017)","2017","2017","Int$/cap","5474.6","X","Ciffre de sources internationales",""
"FS","Données de la sécurité alimentaire","212","Dominique","6126","Valeur","22013","PIB par habitant, ($ PPA internationaux constants de 2017)","2017","2017","Int$/cap","15285.2","X","Ciffre de sources internationales",""
"FS","Données de la sécurité alimentaire","818","Égypte","6126","Valeur","22013","PIB par habitant, ($ PPA internationaux constants de 2017)","2017","2017","Int$/cap","14280.9","X","Ciffre de sources internationales",""
"FS","Données de la sécurité alimentaire","222","El Salvador","6126","Valeur","22013","PIB par habitant, ($ PPA internationaux constants de 2017)","2017","2017","Int$/cap","10184","X","Ciffre de sources internationales",""
"FS","Données de la sécurité alimentaire","784","Émirats arabes unis","6126","Valeur","22013","PIB par habitant, ($ PPA internationaux constants de 2017)","2017","2017","Int$/cap","70048.5","X","Ciffre de sources internationales",""
"FS","Données de la sécurité alimentaire","218","Équateur","6126","Valeur","22013","PIB par habitant, ($ PPA internationaux constants de 2017)","2017","2017","Int$/cap","14552.4","X","Ciffre de sources internationales",""
"FS","Données de la sécurité alimentaire","724","Espagne","6126","Valeur","22013","PIB par habitant, ($ PPA internationaux constants de 2017)","2017","2017","Int$/cap","45021.8","X","Ciffre de sources internationales",""
"FS","Données de la sécurité alimentaire","233","Estonie","6126","Valeur","22013","PIB par habitant, ($ PPA internationaux constants de 2017)","2017","2017","Int$/cap","39351.2","X","Ciffre de sources internationales",""
"FS","Données de la sécurité alimentaire","748","Eswatini","6126","Valeur","22013","PIB par habitant, ($ PPA internationaux constants de 2017)","2017","2017","Int$/cap","9222.6","X","Ciffre de sources internationales",""
"FS","Données de la sécurité alimentaire","840","États-Unis d'Amérique","6126","Valeur","22013","PIB par habitant, ($ PPA internationaux constants de 2017)","2017","2017","Int$/cap","66105.7","X","Ciffre de sources internationales",""
"FS","Données de la sécurité alimentaire","231","Éthiopie","6126","Valeur","22013","PIB par habitant, ($ PPA internationaux constants de 2017)","2017","2017","Int$/cap","2253","X","Ciffre de sources internationales",""
"FS","Données de la sécurité alimentaire","643","Fédération de Russie","6126","Valeur","22013","PIB par habitant, ($ PPA internationaux constants de 2017)","2017","2017","Int$/cap","36011.8","X","Ciffre de sources internationales",""
"FS","Données de la sécurité alimentaire","242","Fidji","6126","Valeur","22013","PIB par habitant, ($ PPA internationaux constants de 2017)","2017","2017","Int$/cap","13086.8","X","Ciffre de sources internationales",""
"FS","Données de la sécurité alimentaire","246","Finlande","6126","Valeur","22013","PIB par habitant, ($ PPA internationaux constants de 2017)","2017","2017","Int$/cap","56605.5","X","Ciffre de sources internationales",""
"FS","Données de la sécurité alimentaire","250","France","6126","Valeur","22013","PIB par habitant, ($ PPA internationaux constants de 2017)","2017","2017","Int$/cap","53398.3","X","Ciffre de sources internationales",""
"FS","Données de la sécurité alimentaire","266","Gabon","6126","Valeur","22013","PIB par habitant, ($ PPA internationaux constants de 2017)","2017","2017","Int$/cap","20479.8","X","Ciffre de sources internationales",""
"FS","Données de la sécurité alimentaire","270","Gambie","6126","Valeur","22013","PIB par habitant, ($ PPA internationaux constants de 2017)","2017","2017","Int$/cap","2502.5","X","Ciffre de sources internationales",""
"FS","Données de la sécurité alimentaire","268","Géorgie","6126","Valeur","22013","PIB par habitant, ($ PPA internationaux constants de 2017)","2017","2017","Int$/cap","16401.7","X","Ciffre de sources internationales",""
"FS","Données de la sécurité alimentaire","288","Ghana","6126","Valeur","22013","PIB par habitant, ($ PPA internationaux constants de 2017)","2017","2017","Int$/cap","5951.2","X","Ciffre de sources internationales",""
"FS","Données de la sécurité alimentaire","300","Grèce","6126","Valeur","22013","PIB par habitant, ($ PPA internationaux constants de 2017)","2017","2017","Int$/cap","31874.9","X","Ciffre de sources internationales",""
"FS","Données de la sécurité alimentaire","308","Grenade","6126","Valeur","22013","PIB par habitant, ($ PPA internationaux constants de 2017)","2017","2017","Int$/cap","15562.3","X","Ciffre de sources internationales",""
"FS","Données de la sécurité alimentaire","304","Groenland","6126","Valeur","22013","PIB par habitant, ($ PPA internationaux constants de 2017)","2017","2017","Int$/cap","65396.7","X","Ciffre de sources internationales",""
"FS","Données de la sécurité alimentaire","320","Guatemala","6126","Valeur","22013","PIB par habitant, ($ PPA internationaux constants de 2017)","2017","2017","Int$/cap","11285.9","X","Ciffre de sources internationales",""
"FS","Données de la sécurité alimentaire","324","Guinée","6126","Valeur","22013","PIB par habitant, ($ PPA internationaux constants de 2017)","2017","2017","Int$/cap","3371.9","X","Ciffre de sources internationales",""
"FS","Données de la sécurité alimentaire","226","Guinée équatoriale","6126","Valeur","22013","PIB par habitant, ($ PPA internationaux constants de 2017)","2017","2017","Int$/cap","23887.5","X","Ciffre de sources internationales",""
"FS","Données de la sécurité alimentaire","624","Guinée-Bissau","6126","Valeur","22013","PIB par habitant, ($ PPA internationaux constants de 2017)","2017","2017","Int$/cap","2212.7","X","Ciffre de sources internationales",""
"FS","Données de la sécurité alimentaire","328","Guyana","6126","Valeur","22013","PIB par habitant, ($ PPA internationaux constants de 2017)","2017","2017","Int$/cap","12889.3","X","Ciffre de sources internationales",""
"FS","Données de la sécurité alimentaire","332","Haïti","6126","Valeur","22013","PIB par habitant, ($ PPA internationaux constants de 2017)","2017","2017","Int$/cap","3459.7","X","Ciffre de sources internationales",""
"FS","Données de la sécurité alimentaire","340","Honduras","6126","Valeur","22013","PIB par habitant, ($ PPA internationaux constants de 2017)","2017","2017","Int$/cap","6145.5","X","Ciffre de sources internationales",""
"FS","Données de la sécurité alimentaire","348","Hongrie","6126","Valeur","22013","PIB par habitant, ($ PPA internationaux constants de 2017)","2017","2017","Int$/cap","33940.3","X","Ciffre de sources internationales",""
"FS","Données de la sécurité alimentaire","584","Îles Marshall","6126","Valeur","22013","PIB par habitant, ($ PPA internationaux constants de 2017)","2017","2017","Int$/cap","5130.2","X","Ciffre de sources internationales",""
"FS","Données de la sécurité alimentaire","090","Îles Salomon","6126","Valeur","22013","PIB par habitant, ($ PPA internationaux constants de 2017)","2017","2017","Int$/cap","2896.7","X","Ciffre de sources internationales",""
"FS","Données de la sécurité alimentaire","356","Inde","6126","Valeur","22013","PIB par habitant, ($ PPA internationaux constants de 2017)","2017","2017","Int$/cap","7363.8","X","Ciffre de sources internationales",""
"FS","Données de la sécurité alimentaire","360","Indonésie","6126","Valeur","22013","PIB par habitant, ($ PPA internationaux constants de 2017)","2017","2017","Int$/cap","11899.3","X","Ciffre de sources internationales",""
"FS","Données de la sécurité alimentaire","364","Iran (République islamique d')","6126","Valeur","22013","PIB par habitant, ($ PPA internationaux constants de 2017)","2017","2017","Int$/cap","15201.4","X","Ciffre de sources internationales",""
"FS","Données de la sécurité alimentaire","368","Iraq","6126","Valeur","22013","PIB par habitant, ($ PPA internationaux constants de 2017)","2017","2017","Int$/cap","14166.5","X","Ciffre de sources internationales",""
"FS","Données de la sécurité alimentaire","372","Irlande","6126","Valeur","22013","PIB par habitant, ($ PPA internationaux constants de 2017)","2017","2017","Int$/cap","85225.2","X","Ciffre de sources internationales",""
"FS","Données de la sécurité alimentaire","352","Islande","6126","Valeur","22013","PIB par habitant, ($ PPA internationaux constants de 2017)","2017","2017","Int$/cap","64377","X","Ciffre de sources internationales",""
"FS","Données de la sécurité alimentaire","376","Israël","6126","Valeur","22013","PIB par habitant, ($ PPA internationaux constants de 2017)","2017","2017","Int$/cap","42936.4","X","Ciffre de sources internationales",""
"FS","Données de la sécurité alimentaire","380","Italie","6126","Valeur","22013","PIB par habitant, ($ PPA internationaux constants de 2017)","2017","2017","Int$/cap","48761.9","X","Ciffre de sources internationales",""
"FS","Données de la sécurité alimentaire","388","Jamaïque","6126","Valeur","22013","PIB par habitant, ($ PPA internationaux constants de 2017)","2017","2017","Int$/cap","9990.6","X","Ciffre de sources internationales",""
"FS","Données de la sécurité alimentaire","392","Japon","6126","Valeur","22013","PIB par habitant, ($ PPA internationaux constants de 2017)","2017","2017","Int$/cap","44491.1","X","Ciffre de sources internationales",""
"FS","Données de la sécurité alimentaire","400","Jordanie","6126","Valeur","22013","PIB par habitant, ($ PPA internationaux constants de 2017)","2017","2017","Int$/cap","9357","X","Ciffre de sources internationales",""
"FS","Données de la sécurité alimentaire","398","Kazakhstan","6126","Valeur","22013","PIB par habitant, ($ PPA internationaux constants de 2017)","2017","2017","Int$/cap","32597.8","X","Ciffre de sources internationales",""
"FS","Données de la sécurité alimentaire","404","Kenya","6126","Valeur","22013","PIB par habitant, ($ PPA internationaux constants de 2017)","2017","2017","Int$/cap","4871.6","X","Ciffre de sources internationales",""
"FS","Données de la sécurité alimentaire","417","Kirghizistan","6126","Valeur","22013","PIB par habitant, ($ PPA internationaux constants de 2017)","2017","2017","Int$/cap","5963.8","X","Ciffre de sources internationales",""
"FS","Données de la sécurité alimentaire","296","Kiribati","6126","Valeur","22013","PIB par habitant, ($ PPA internationaux constants de 2017)","2017","2017","Int$/cap","2174.7","X","Ciffre de sources internationales",""
"FS","Données de la sécurité alimentaire","414","Koweït","6126","Valeur","22013","PIB par habitant, ($ PPA internationaux constants de 2017)","2017","2017","Int$/cap","52805.3","X","Ciffre de sources internationales",""
"FS","Données de la sécurité alimentaire","426","Lesotho","6126","Valeur","22013","PIB par habitant, ($ PPA internationaux constants de 2017)","2017","2017","Int$/cap","2820.2","X","Ciffre de sources internationales",""
"FS","Données de la sécurité alimentaire","428","Lettonie","6126","Valeur","22013","PIB par habitant, ($ PPA internationaux constants de 2017)","2017","2017","Int$/cap","33126.8","X","Ciffre de sources internationales",""
"FS","Données de la sécurité alimentaire","422","Liban","6126","Valeur","22013","PIB par habitant, ($ PPA internationaux constants de 2017)","2017","2017","Int$/cap","16262.9","X","Ciffre de sources internationales",""
"FS","Données de la sécurité alimentaire","430","Libéria","6126","Valeur","22013","PIB par habitant, ($ PPA internationaux constants de 2017)","2017","2017","Int$/cap","1677.5","X","Ciffre de sources internationales",""
"FS","Données de la sécurité alimentaire","434","Libye","6126","Valeur","22013","PIB par habitant, ($ PPA internationaux constants de 2017)","2017","2017","Int$/cap","18074.2","X","Ciffre de sources internationales",""
"FS","Données de la sécurité alimentaire","440","Lituanie","6126","Valeur","22013","PIB par habitant, ($ PPA internationaux constants de 2017)","2017","2017","Int$/cap","39736.1","X","Ciffre de sources internationales",""
"FS","Données de la sécurité alimentaire","442","Luxembourg","6126","Valeur","22013","PIB par habitant, ($ PPA internationaux constants de 2017)","2017","2017","Int$/cap","133845","X","Ciffre de sources internationales",""
"FS","Données de la sécurité alimentaire","807","Macédoine du Nord","6126","Valeur","22013","PIB par habitant, ($ PPA internationaux constants de 2017)","2017","2017","Int$/cap","18709.2","X","Ciffre de sources internationales",""
"FS","Données de la sécurité alimentaire","450","Madagascar","6126","Valeur","22013","PIB par habitant, ($ PPA internationaux constants de 2017)","2017","2017","Int$/cap","1715.2","X","Ciffre de sources internationales",""
"FS","Données de la sécurité alimentaire","458","Malaisie","6126","Valeur","22013","PIB par habitant, ($ PPA internationaux constants de 2017)","2017","2017","Int$/cap","29911.5","X","Ciffre de sources internationales",""
"FS","Données de la sécurité alimentaire","454","Malawi","6126","Valeur","22013","PIB par habitant, ($ PPA internationaux constants de 2017)","2017","2017","Int$/cap","1689.5","X","Ciffre de sources internationales",""
"FS","Données de la sécurité alimentaire","462","Maldives","6126","Valeur","22013","PIB par habitant, ($ PPA internationaux constants de 2017)","2017","2017","Int$/cap","19332.6","X","Ciffre de sources internationales",""
"FS","Données de la sécurité alimentaire","466","Mali","6126","Valeur","22013","PIB par habitant, ($ PPA internationaux constants de 2017)","2017","2017","Int$/cap","2437.1","X","Ciffre de sources internationales",""
"FS","Données de la sécurité alimentaire","470","Malte","6126","Valeur","22013","PIB par habitant, ($ PPA internationaux constants de 2017)","2017","2017","Int$/cap","49829.6","X","Ciffre de sources internationales",""
"FS","Données de la sécurité alimentaire","504","Maroc","6126","Valeur","22013","PIB par habitant, ($ PPA internationaux constants de 2017)","2017","2017","Int$/cap","8427.7","X","Ciffre de sources internationales",""
"FS","Données de la sécurité alimentaire","480","Maurice","6126","Valeur","22013","PIB par habitant, ($ PPA internationaux constants de 2017)","2017","2017","Int$/cap","24073.2","X","Ciffre de sources internationales",""
"FS","Données de la sécurité alimentaire","478","Mauritanie","6126","Valeur","22013","PIB par habitant, ($ PPA internationaux constants de 2017)","2017","2017","Int$/cap","6124.2","X","Ciffre de sources internationales",""
"FS","Données de la sécurité alimentaire","484","Mexique","6126","Valeur","22013","PIB par habitant, ($ PPA internationaux constants de 2017)","2017","2017","Int$/cap","22162.2","X","Ciffre de sources internationales",""
"FS","Données de la sécurité alimentaire","583","Micronésie (États fédérés de)","6126","Valeur","22013","PIB par habitant, ($ PPA internationaux constants de 2017)","2017","2017","Int$/cap","3886.8","X","Ciffre de sources internationales",""
"FS","Données de la sécurité alimentaire","496","Mongolie","6126","Valeur","22013","PIB par habitant, ($ PPA internationaux constants de 2017)","2017","2017","Int$/cap","14647.5","X","Ciffre de sources internationales",""
"FS","Données de la sécurité alimentaire","499","Monténégro","6126","Valeur","22013","PIB par habitant, ($ PPA internationaux constants de 2017)","2017","2017","Int$/cap","23294.5","X","Ciffre de sources internationales",""
"FS","Données de la sécurité alimentaire","508","Mozambique","6126","Valeur","22013","PIB par habitant, ($ PPA internationaux constants de 2017)","2017","2017","Int$/cap","1510.4","X","Ciffre de sources internationales",""
"FS","Données de la sécurité alimentaire","104","Myanmar","6126","Valeur","22013","PIB par habitant, ($ PPA internationaux constants de 2017)","2017","2017","Int$/cap","5833.7","X","Ciffre de sources internationales",""
"FS","Données de la sécurité alimentaire","516","Namibie","6126","Valeur","22013","PIB par habitant, ($ PPA internationaux constants de 2017)","2017","2017","Int$/cap","12147.4","X","Ciffre de sources internationales",""
"FS","Données de la sécurité alimentaire","520","Nauru","6126","Valeur","22013","PIB par habitant, ($ PPA internationaux constants de 2017)","2017","2017","Int$/cap","10328.4","X","Ciffre de sources internationales",""
"FS","Données de la sécurité alimentaire","524","Népal","6126","Valeur","22013","PIB par habitant, ($ PPA internationaux constants de 2017)","2017","2017","Int$/cap","4046.8","X","Ciffre de sources internationales",""
"FS","Données de la sécurité alimentaire","558","Nicaragua","6126","Valeur","22013","PIB par habitant, ($ PPA internationaux constants de 2017)","2017","2017","Int$/cap","7144.4","X","Ciffre de sources internationales",""
"FS","Données de la sécurité alimentaire","562","Niger","6126","Valeur","22013","PIB par habitant, ($ PPA internationaux constants de 2017)","2017","2017","Int$/cap","1498.9","X","Ciffre de sources internationales",""
"FS","Données de la sécurité alimentaire","566","Nigéria","6126","Valeur","22013","PIB par habitant, ($ PPA internationaux constants de 2017)","2017","2017","Int$/cap","5849.1","X","Ciffre de sources internationales",""
"FS","Données de la sécurité alimentaire","578","Norvège","6126","Valeur","22013","PIB par habitant, ($ PPA internationaux constants de 2017)","2017","2017","Int$/cap","85144.1","X","Ciffre de sources internationales",""
"FS","Données de la sécurité alimentaire","554","Nouvelle-Zélande","6126","Valeur","22013","PIB par habitant, ($ PPA internationaux constants de 2017)","2017","2017","Int$/cap","46530.1","X","Ciffre de sources internationales",""
"FS","Données de la sécurité alimentaire","512","Oman","6126","Valeur","22013","PIB par habitant, ($ PPA internationaux constants de 2017)","2017","2017","Int$/cap","38844.3","X","Ciffre de sources internationales",""
"FS","Données de la sécurité alimentaire","800","Ouganda","6126","Valeur","22013","PIB par habitant, ($ PPA internationaux constants de 2017)","2017","2017","Int$/cap","2547","X","Ciffre de sources internationales",""
"FS","Données de la sécurité alimentaire","860","Ouzbékistan","6126","Valeur","22013","PIB par habitant, ($ PPA internationaux constants de 2017)","2017","2017","Int$/cap","7157.9","X","Ciffre de sources internationales",""
"FS","Données de la sécurité alimentaire","586","Pakistan","6126","Valeur","22013","PIB par habitant, ($ PPA internationaux constants de 2017)","2017","2017","Int$/cap","5191.9","X","Ciffre de sources internationales",""
"FS","Données de la sécurité alimentaire","585","Palaos","6126","Valeur","22013","PIB par habitant, ($ PPA internationaux constants de 2017)","2017","2017","Int$/cap","19415.3","X","Ciffre de sources internationales",""
"FS","Données de la sécurité alimentaire","275","Palestine","6126","Valeur","22013","PIB par habitant, ($ PPA internationaux constants de 2017)","2017","2017","Int$/cap","6426.8","X","Ciffre de sources internationales",""
"FS","Données de la sécurité alimentaire","591","Panama","6126","Valeur","22013","PIB par habitant, ($ PPA internationaux constants de 2017)","2017","2017","Int$/cap","32136.4","X","Ciffre de sources internationales",""
"FS","Données de la sécurité alimentaire","598","Papouasie-Nouvelle-Guinée","6126","Valeur","22013","PIB par habitant, ($ PPA internationaux constants de 2017)","2017","2017","Int$/cap","4377.4","X","Ciffre de sources internationales",""
"FS","Données de la sécurité alimentaire","600","Paraguay","6126","Valeur","22013","PIB par habitant, ($ PPA internationaux constants de 2017)","2017","2017","Int$/cap","15280","X","Ciffre de sources internationales",""
"FS","Données de la sécurité alimentaire","528","Pays-Bas (Royaume des)","6126","Valeur","22013","PIB par habitant, ($ PPA internationaux constants de 2017)","2017","2017","Int$/cap","65041.5","X","Ciffre de sources internationales",""
"FS","Données de la sécurité alimentaire","604","Pérou","6126","Valeur","22013","PIB par habitant, ($ PPA internationaux constants de 2017)","2017","2017","Int$/cap","14745.6","X","Ciffre de sources internationales",""
"FS","Données de la sécurité alimentaire","608","Philippines","6126","Valeur","22013","PIB par habitant, ($ PPA internationaux constants de 2017)","2017","2017","Int$/cap","8695.2","X","Ciffre de sources internationales",""
"FS","Données de la sécurité alimentaire","616","Pologne","6126","Valeur","22013","PIB par habitant, ($ PPA internationaux constants de 2017)","2017","2017","Int$/cap","34689.4","X","Ciffre de sources internationales",""
"FS","Données de la sécurité alimentaire","630","Porto Rico","6126","Valeur","22013","PIB par habitant, ($ PPA internationaux constants de 2017)","2017","2017","Int$/cap","42513.6","X","Ciffre de sources internationales",""
"FS","Données de la sécurité alimentaire","620","Portugal","6126","Valeur","22013","PIB par habitant, ($ PPA internationaux constants de 2017)","2017","2017","Int$/cap","38100.7","X","Ciffre de sources internationales",""
"FS","Données de la sécurité alimentaire","634","Qatar","6126","Valeur","22013","PIB par habitant, ($ PPA internationaux constants de 2017)","2017","2017","Int$/cap","108024","X","Ciffre de sources internationales",""
"FS","Données de la sécurité alimentaire","760","République arabe syrienne","6126","Valeur","22013","PIB par habitant, ($ PPA internationaux constants de 2017)","2017","2017","Int$/cap","3154.8","X","Ciffre de sources internationales",""
"FS","Données de la sécurité alimentaire","140","République centrafricaine","6126","Valeur","22013","PIB par habitant, ($ PPA internationaux constants de 2017)","2017","2017","Int$/cap","1059","X","Ciffre de sources internationales",""
"FS","Données de la sécurité alimentaire","410","République de Corée","6126","Valeur","22013","PIB par habitant, ($ PPA internationaux constants de 2017)","2017","2017","Int$/cap","44928.1","X","Ciffre de sources internationales",""
"FS","Données de la sécurité alimentaire","498","République de Moldova","6126","Valeur","22013","PIB par habitant, ($ PPA internationaux constants de 2017)","2017","2017","Int$/cap","13118.8","X","Ciffre de sources internationales",""
"FS","Données de la sécurité alimentaire","180","République démocratique du Congo","6126","Valeur","22013","PIB par habitant, ($ PPA internationaux constants de 2017)","2017","2017","Int$/cap","1294.8","X","Ciffre de sources internationales",""
"FS","Données de la sécurité alimentaire","418","République démocratique populaire lao","6126","Valeur","22013","PIB par habitant, ($ PPA internationaux constants de 2017)","2017","2017","Int$/cap","7453.9","X","Ciffre de sources internationales",""
"FS","Données de la sécurité alimentaire","214","République dominicaine","6126","Valeur","22013","PIB par habitant, ($ PPA internationaux constants de 2017)","2017","2017","Int$/cap","19449.7","X","Ciffre de sources internationales",""
"FS","Données de la sécurité alimentaire","834","République-Unie de Tanzanie","6126","Valeur","22013","PIB par habitant, ($ PPA internationaux constants de 2017)","2017","2017","Int$/cap","3282.1","X","Ciffre de sources internationales",""
"FS","Données de la sécurité alimentaire","642","Roumanie","6126","Valeur","22013","PIB par habitant, ($ PPA internationaux constants de 2017)","2017","2017","Int$/cap","33059.6","X","Ciffre de sources internationales",""
"FS","Données de la sécurité alimentaire","826","Royaume-Uni de Grande-Bretagne et d'Irlande du Nord","6126","Valeur","22013","PIB par habitant, ($ PPA internationaux constants de 2017)","2017","2017","Int$/cap","53399","X","Ciffre de sources internationales",""
"FS","Données de la sécurité alimentaire","646","Rwanda","6126","Valeur","22013","PIB par habitant, ($ PPA internationaux constants de 2017)","2017","2017","Int$/cap","2340","X","Ciffre de sources internationales",""
"FS","Données de la sécurité alimentaire","662","Sainte-Lucie","6126","Valeur","22013","PIB par habitant, ($ PPA internationaux constants de 2017)","2017","2017","Int$/cap","23300.1","X","Ciffre de sources internationales",""
"FS","Données de la sécurité alimentaire","659","Saint-Kitts-et-Nevis","6126","Valeur","22013","PIB par habitant, ($ PPA internationaux constants de 2017)","2017","2017","Int$/cap","29272.1","X","Ciffre de sources internationales",""
"FS","Données de la sécurité alimentaire","670","Saint-Vincent-et-les Grenadines","6126","Valeur","22013","PIB par habitant, ($ PPA internationaux constants de 2017)","2017","2017","Int$/cap","15374.6","X","Ciffre de sources internationales",""
"FS","Données de la sécurité alimentaire","882","Samoa","6126","Valeur","22013","PIB par habitant, ($ PPA internationaux constants de 2017)","2017","2017","Int$/cap","6884.4","X","Ciffre de sources internationales",""
"FS","Données de la sécurité alimentaire","678","Sao Tomé-et-Principe","6126","Valeur","22013","PIB par habitant, ($ PPA internationaux constants de 2017)","2017","2017","Int$/cap","5492.9","X","Ciffre de sources internationales",""
"FS","Données de la sécurité alimentaire","686","Sénégal","6126","Valeur","22013","PIB par habitant, ($ PPA internationaux constants de 2017)","2017","2017","Int$/cap","3959.6","X","Ciffre de sources internationales",""
"FS","Données de la sécurité alimentaire","688","Serbie","6126","Valeur","22013","PIB par habitant, ($ PPA internationaux constants de 2017)","2017","2017","Int$/cap","18882","X","Ciffre de sources internationales",""
"FS","Données de la sécurité alimentaire","690","Seychelles","6126","Valeur","22013","PIB par habitant, ($ PPA internationaux constants de 2017)","2017","2017","Int$/cap","25388.6","X","Ciffre de sources internationales",""
"FS","Données de la sécurité alimentaire","694","Sierra Leone","6126","Valeur","22013","PIB par habitant, ($ PPA internationaux constants de 2017)","2017","2017","Int$/cap","1602.5","X","Ciffre de sources internationales",""
"FS","Données de la sécurité alimentaire","702","Singapour","6126","Valeur","22013","PIB par habitant, ($ PPA internationaux constants de 2017)","2017","2017","Int$/cap","113907","X","Ciffre de sources internationales",""
"FS","Données de la sécurité alimentaire","703","Slovaquie","6126","Valeur","22013","PIB par habitant, ($ PPA internationaux constants de 2017)","2017","2017","Int$/cap","35039.6","X","Ciffre de sources internationales",""
"FS","Données de la sécurité alimentaire","705","Slovénie","6126","Valeur","22013","PIB par habitant, ($ PPA internationaux constants de 2017)","2017","2017","Int$/cap","42331.5","X","Ciffre de sources internationales",""
"FS","Données de la sécurité alimentaire","706","Somalie","6126","Valeur","22013","PIB par habitant, ($ PPA internationaux constants de 2017)","2017","2017","Int$/cap","1562.3","X","Ciffre de sources internationales",""
"FS","Données de la sécurité alimentaire","729","Soudan","6126","Valeur","22013","PIB par habitant, ($ PPA internationaux constants de 2017)","2017","2017","Int$/cap","4264.1","X","Ciffre de sources internationales",""
"FS","Données de la sécurité alimentaire","144","Sri Lanka","6126","Valeur","22013","PIB par habitant, ($ PPA internationaux constants de 2017)","2017","2017","Int$/cap","14623.5","X","Ciffre de sources internationales",""
"FS","Données de la sécurité alimentaire","752","Suède","6126","Valeur","22013","PIB par habitant, ($ PPA internationaux constants de 2017)","2017","2017","Int$/cap","60786.2","X","Ciffre de sources internationales",""
"FS","Données de la sécurité alimentaire","756","Suisse","6126","Valeur","22013","PIB par habitant, ($ PPA internationaux constants de 2017)","2017","2017","Int$/cap","78328.1","X","Ciffre de sources internationales",""
"FS","Données de la sécurité alimentaire","740","Suriname","6126","Valeur","22013","PIB par habitant, ($ PPA internationaux constants de 2017)","2017","2017","Int$/cap","22111.4","X","Ciffre de sources internationales",""
"FS","Données de la sécurité alimentaire","762","Tadjikistan","6126","Valeur","22013","PIB par habitant, ($ PPA internationaux constants de 2017)","2017","2017","Int$/cap","3372.3","X","Ciffre de sources internationales",""
"FS","Données de la sécurité alimentaire","148","Tchad","6126","Valeur","22013","PIB par habitant, ($ PPA internationaux constants de 2017)","2017","2017","Int$/cap","1955.3","X","Ciffre de sources internationales",""
"FS","Données de la sécurité alimentaire","203","Tchéquie","6126","Valeur","22013","PIB par habitant, ($ PPA internationaux constants de 2017)","2017","2017","Int$/cap","46137","X","Ciffre de sources internationales",""
"FS","Données de la sécurité alimentaire","764","Thaïlande","6126","Valeur","22013","PIB par habitant, ($ PPA internationaux constants de 2017)","2017","2017","Int$/cap","20159.5","X","Ciffre de sources internationales",""
"FS","Données de la sécurité alimentaire","626","Timor-Leste","6126","Valeur","22013","PIB par habitant, ($ PPA internationaux constants de 2017)","2017","2017","Int$/cap","4347.9","X","Ciffre de sources internationales",""
"FS","Données de la sécurité alimentaire","768","Togo","6126","Valeur","22013","PIB par habitant, ($ PPA internationaux constants de 2017)","2017","2017","Int$/cap","2476.9","X","Ciffre de sources internationales",""
"FS","Données de la sécurité alimentaire","776","Tonga","6126","Valeur","22013","PIB par habitant, ($ PPA internationaux constants de 2017)","2017","2017","Int$/cap","6904.4","X","Ciffre de sources internationales",""
"FS","Données de la sécurité alimentaire","780","Trinité-et-Tobago","6126","Valeur","22013","PIB par habitant, ($ PPA internationaux constants de 2017)","2017","2017","Int$/cap","31763.7","X","Ciffre de sources internationales",""
"FS","Données de la sécurité alimentaire","788","Tunisie","6126","Valeur","22013","PIB par habitant, ($ PPA internationaux constants de 2017)","2017","2017","Int$/cap","12685.4","X","Ciffre de sources internationales",""
"FS","Données de la sécurité alimentaire","792","Turquie","6126","Valeur","22013","PIB par habitant, ($ PPA internationaux constants de 2017)","2017","2017","Int$/cap","28118","X","Ciffre de sources internationales",""
"FS","Données de la sécurité alimentaire","798","Tuvalu","6126","Valeur","22013","PIB par habitant, ($ PPA internationaux constants de 2017)","2017","2017","Int$/cap","4674.7","X","Ciffre de sources internationales",""
"FS","Données de la sécurité alimentaire","804","Ukraine","6126","Valeur","22013","PIB par habitant, ($ PPA internationaux constants de 2017)","2017","2017","Int$/cap","16523.5","X","Ciffre de sources internationales",""
"FS","Données de la sécurité alimentaire","858","Uruguay","6126","Valeur","22013","PIB par habitant, ($ PPA internationaux constants de 2017)","2017","2017","Int$/cap","29662.1","X","Ciffre de sources internationales",""
"FS","Données de la sécurité alimentaire","548","Vanuatu","6126","Valeur","22013","PIB par habitant, ($ PPA internationaux constants de 2017)","2017","2017","Int$/cap","3344.9","X","Ciffre de sources internationales",""
"FS","Données de la sécurité alimentaire","704","Viet Nam","6126","Valeur","22013","PIB par habitant, ($ PPA internationaux constants de 2017)","2017","2017","Int$/cap","10405.4","X","Ciffre de sources internationales",""
"FS","Données de la sécurité alimentaire","894","Zambie","6126","Valeur","22013","PIB par habitant, ($ PPA internationaux constants de 2017)","2017","2017","Int$/cap","3642.4","X","Ciffre de sources internationales",""
"FS","Données de la sécurité alimentaire","716","Zimbabwe","6126","Valeur","22013","PIB par habitant, ($ PPA internationaux constants de 2017)","2017","2017","Int$/cap","3611.8","X","Ciffre de sources internationales",""
